data_hash,target_column
"-3419917060464101198(157, 41)",Age
"1429612268534245251(157, 41)",Age
"4190642619339455317(252, 15)",Density
"-2125515050760843057(157, 41)",BComp19_FM
"-811210643374696666(168, 70)",BComp19_FM
"-141423050947800516(157, 41)",BComp19_FM
"-6399453196627729362(157, 41)",BComp19_FM
"-3584261653275122820(157, 41)",BComp19_FM
"-3053277870438214689(252, 15)",Density
"-3854321957460674765(157, 41)",BComp19_FM
"8794128525487930500(157, 41)",BComp19_FM
"-6565847260590489741(157, 41)",BComp19_FM
"-168206714907189926(157, 41)",BComp19_FM
"-4512792327598420923(157, 41)",BComp19_FM
"1716964453001359788(252, 15)",Density
"3111504838249925586(157, 41)",BComp19_FM
"4541584445044072703(157, 41)",BComp19_FM
"7046925175739171539(157, 41)",BComp19_FM
"-5351231307636681080(252, 15)",Density
"-488453372658966432(157, 41)",BComp19_FM
"-5325891461632595005(252, 15)",Density
